account_id,client_id,product_type,balance,open_date,has_credit_card
A00001,C0001,Savings,0,2022-12-01,0
A00002,C0001,Checking,1272.44,2021-06-01,0
A00003,C0002,Investment Account,1113.16,2013-11-01,0
A00004,C0002,Personal Loan,13900.11,2014-01-01,0
A00005,C0003,Checking,6585.32,2019-07-01,0
A00006,C0003,Credit Card,1363.57,2020-10-01,1
A00007,C0004,Personal Loan,13565.8,2014-09-01,0
A00008,C0004,Checking,12303.63,2016-12-01,0
A00009,C0004,Investment Account,29314.23,2014-05-01,0
A00010,C0005,Mortgage,183857.25,2020-02-01,0
A00011,C0005,Personal Loan,5083.5,2019-04-01,0
A00012,C0005,Savings,24510.32,2019-11-01,0
A00013,C0006,Checking,9960.0,2011-07-01,0
A00014,C0006,Personal Loan,14918.76,2011-04-01,0
A00015,C0007,Investment Account,87649.23,2025-03-01,0
A00016,C0007,Personal Loan,11423.1,2025-11-01,0
A00017,C0008,Checking,18140.82,2014-02-01,0
A00018,C0008,Credit Card,0,2014-06-01,1
A00019,C0009,Investment Account,15135.81,2023-04-01,0
A00020,C0009,Personal Loan,3451.06,2022-05-01,0
A00021,C0010,Checking,12685.81,2015-04-01,0
A00022,C0011,Credit Card,4844.76,2023-06-01,1
A00023,C0012,Checking,0,2013-06-01,0
A00024,C0012,Credit Card,1996.16,2013-11-01,1
A00025,C0012,Investment Account,59265.65,2014-10-01,0
A00026,C0012,Mortgage,169279.96,2014-04-01,0
A00027,C0013,Checking,2025.27,2019-05-01,0
A00028,C0014,Personal Loan,12881.86,2016-05-01,0
A00029,C0014,Investment Account,72014.22,2016-01-01,0
A00030,C0014,Savings,43133.65,2016-06-01,0
A00031,C0015,Investment Account,117690.93,2013-10-01,0
A00032,C0016,Personal Loan,34013.66,2023-07-01,0
A00033,C0016,Credit Card,7960.09,2021-12-01,1
A00034,C0017,Investment Account,64753.83,2014-12-01,0
A00035,C0018,Savings,19851.89,2018-03-01,0
A00036,C0018,Personal Loan,8323.27,2016-09-01,0
A00037,C0019,Personal Loan,28445.68,2022-02-01,0
A00038,C0019,Investment Account,41927.71,2023-12-01,0
A00039,C0020,Investment Account,86281.88,2025-07-01,0
A00040,C0021,Credit Card,1177.4,2019-01-01,1
A00041,C0022,Investment Account,22800.52,2020-12-01,0
A00042,C0022,Credit Card,166.25,2020-05-01,1
A00043,C0022,Personal Loan,19384.02,2021-04-01,0
A00044,C0023,Checking,6022.17,2017-10-01,0
A00045,C0023,Credit Card,7139.13,2015-07-01,1
A00046,C0024,Personal Loan,23389.34,2025-08-01,0
A00047,C0024,Savings,24528.63,2025-11-01,0
A00048,C0024,Checking,10280.53,2025-10-01,0
A00049,C0024,Investment Account,29435.02,2025-07-01,0
A00050,C0025,Checking,9874.57,2011-07-01,0
A00051,C0026,Savings,30951.47,2022-11-01,0
A00052,C0026,Personal Loan,1000,2020-08-01,0
A00053,C0027,Investment Account,23061.05,2011-02-01,0
A00054,C0027,Personal Loan,8584.0,2011-02-01,0
A00055,C0027,Credit Card,6087.62,2013-04-01,1
A00056,C0028,Mortgage,259532.94,2020-05-01,0
A00057,C0029,Checking,11396.47,2025-12-01,0
A00058,C0029,Mortgage,263338.06,2025-05-01,0
A00059,C0030,Checking,5803.91,2025-03-01,0
A00060,C0031,Personal Loan,1000,2020-09-01,0
A00061,C0031,Mortgage,94506.93,2020-09-01,0
A00062,C0032,Investment Account,47605.59,2025-11-01,0
A00063,C0032,Checking,11530.44,2025-12-01,0
A00064,C0033,Mortgage,156596.56,2025-06-01,0
A00065,C0034,Savings,0,2018-09-01,0
A00066,C0035,Checking,4534.8,2022-09-01,0
A00067,C0036,Mortgage,282478.07,2015-01-01,0
A00068,C0037,Checking,23029.75,2018-05-01,0
A00069,C0038,Mortgage,154157.42,2018-10-01,0
A00070,C0038,Personal Loan,5843.7,2019-09-01,0
A00071,C0039,Checking,7552.66,2019-04-01,0
A00072,C0040,Savings,17354.58,2019-10-01,0
A00073,C0041,Mortgage,164238.09,2016-02-01,0
A00074,C0041,Credit Card,7658.43,2017-05-01,1
A00075,C0042,Investment Account,69937.61,2022-05-01,0
A00076,C0043,Investment Account,27743.7,2016-04-01,0
A00077,C0043,Savings,48412.13,2016-12-01,0
A00078,C0044,Investment Account,65903.18,2017-11-01,0
A00079,C0044,Credit Card,1192.39,2015-07-01,1
A00080,C0045,Personal Loan,7333.17,2017-04-01,0
A00081,C0045,Investment Account,58678.06,2015-11-01,0
A00082,C0045,Checking,9948.97,2017-07-01,0
A00083,C0046,Investment Account,100716.05,2021-03-01,0
A00084,C0047,Savings,42914.06,2013-07-01,0
A00085,C0047,Credit Card,5168.65,2013-02-01,1
A00086,C0047,Checking,7953.21,2013-09-01,0
A00087,C0048,Credit Card,4607.47,2016-06-01,1
A00088,C0048,Mortgage,106607.31,2016-10-01,0
A00089,C0049,Mortgage,221539.85,2016-03-01,0
A00090,C0049,Credit Card,2163.25,2016-12-01,1
A00091,C0049,Checking,3864.03,2017-10-01,0
A00092,C0050,Personal Loan,2319.57,2017-01-01,0
A00093,C0050,Investment Account,26623.23,2018-03-01,0
A00094,C0050,Savings,0,2016-07-01,0
A00095,C0051,Investment Account,26500.44,2024-11-01,0
A00096,C0052,Investment Account,22867.2,2025-08-01,0
A00097,C0052,Personal Loan,29265.5,2025-05-01,0
A00098,C0053,Investment Account,40365.52,2012-05-01,0
A00099,C0054,Checking,4174.54,2021-11-01,0
A00100,C0054,Credit Card,4543.9,2021-02-01,1
A00101,C0055,Checking,6254.68,2015-09-01,0
A00102,C0055,Savings,18550.96,2015-01-01,0
A00103,C0056,Personal Loan,2839.21,2018-09-01,0
A00104,C0056,Mortgage,186572.3,2018-02-01,0
A00105,C0056,Savings,1352.96,2018-01-01,0
A00106,C0056,Investment Account,68237.47,2018-07-01,0
A00107,C0057,Investment Account,46783.38,2022-11-01,0
A00108,C0057,Credit Card,7786.2,2022-01-01,1
A00109,C0058,Savings,31181.33,2019-03-01,0
A00110,C0058,Mortgage,158577.23,2020-06-01,0
A00111,C0059,Personal Loan,12256.78,2022-04-01,0
A00112,C0059,Investment Account,55511.36,2022-02-01,0
A00113,C0059,Mortgage,163537.59,2021-04-01,0
A00114,C0059,Checking,15175.97,2020-12-01,0
A00115,C0060,Personal Loan,31296.25,2019-09-01,0
A00116,C0060,Savings,2749.86,2017-08-01,0
A00117,C0061,Checking,4494.77,2020-02-01,0
A00118,C0061,Credit Card,1541.06,2019-06-01,1
A00119,C0061,Investment Account,59851.85,2020-01-01,0
A00120,C0062,Personal Loan,11731.81,2014-02-01,0
A00121,C0063,Savings,36821.36,2024-11-01,0
A00122,C0063,Personal Loan,21492.16,2025-04-01,0
A00123,C0064,Credit Card,5905.45,2016-02-01,1
A00124,C0064,Personal Loan,8782.72,2016-11-01,0
A00125,C0065,Credit Card,9003.04,2024-04-01,1
A00126,C0065,Personal Loan,15605.55,2022-04-01,0
A00127,C0066,Savings,0,2016-03-01,0
A00128,C0067,Personal Loan,23123.17,2011-07-01,0
A00129,C0067,Credit Card,0,2013-12-01,1
A00130,C0068,Personal Loan,15642.36,2021-12-01,0
A00131,C0069,Personal Loan,28693.68,2023-03-01,0
A00132,C0069,Savings,13608.27,2024-09-01,0
A00133,C0069,Checking,17579.4,2023-11-01,0
A00134,C0070,Personal Loan,16040.74,2024-08-01,0
A00135,C0070,Mortgage,163764.35,2024-04-01,0
A00136,C0070,Checking,15209.87,2025-03-01,0
A00137,C0071,Savings,20270.13,2014-12-01,0
A00138,C0071,Investment Account,59547.51,2013-11-01,0
A00139,C0072,Investment Account,34290.8,2015-04-01,0
A00140,C0072,Checking,1743.08,2017-11-01,0
A00141,C0073,Savings,25393.37,2011-03-01,0
A00142,C0073,Checking,9739.89,2012-01-01,0
A00143,C0074,Checking,3152.21,2022-11-01,0
A00144,C0074,Investment Account,69998.26,2020-04-01,0
A00145,C0075,Personal Loan,22824.08,2014-05-01,0
A00146,C0076,Credit Card,4311.18,2025-07-01,1
A00147,C0077,Checking,8581.69,2025-12-01,0
A00148,C0078,Credit Card,3283.38,2023-05-01,1
A00149,C0079,Checking,8400.81,2020-05-01,0
A00150,C0079,Personal Loan,24300.21,2019-02-01,0
A00151,C0079,Savings,8698.36,2019-06-01,0
A00152,C0080,Credit Card,0,2016-10-01,1
A00153,C0080,Mortgage,109791.82,2014-10-01,0
A00154,C0081,Checking,14779.98,2017-12-01,0
A00155,C0081,Savings,17819.83,2017-04-01,0
A00156,C0082,Checking,7462.89,2016-09-01,0
A00157,C0083,Credit Card,5077.01,2020-03-01,1
A00158,C0083,Personal Loan,14650.57,2018-03-01,0
A00159,C0084,Credit Card,6871.3,2014-06-01,1
A00160,C0085,Investment Account,13114.11,2025-08-01,0
A00161,C0085,Checking,0,2025-01-01,0
A00162,C0085,Personal Loan,24021.54,2025-10-01,0
A00163,C0086,Savings,10913.58,2022-12-01,0
A00164,C0087,Personal Loan,34364.04,2021-11-01,0
A00165,C0088,Checking,1881.48,2013-07-01,0
A00166,C0088,Savings,30188.66,2012-10-01,0
A00167,C0089,Savings,45440.94,2025-12-01,0
A00168,C0090,Mortgage,187209.97,2022-09-01,0
A00169,C0091,Mortgage,167573.76,2014-05-01,0
A00170,C0091,Credit Card,5065.31,2014-02-01,1
A00171,C0092,Checking,3625.82,2023-03-01,0
A00172,C0093,Credit Card,2713.04,2025-04-01,1
A00173,C0093,Savings,34331.51,2023-01-01,0
A00174,C0093,Investment Account,43646.81,2025-06-01,0
A00175,C0093,Checking,0,2024-02-01,0
A00176,C0094,Mortgage,50000,2025-05-01,0
A00177,C0094,Credit Card,2765.42,2025-06-01,1
A00178,C0094,Savings,27514.22,2025-12-01,0
A00179,C0094,Personal Loan,19870.69,2025-09-01,0
A00180,C0095,Mortgage,174861.67,2025-12-01,0
A00181,C0095,Checking,3010.19,2025-11-01,0
A00182,C0096,Mortgage,50000,2023-04-01,0
A00183,C0096,Savings,16531.31,2024-07-01,0
A00184,C0097,Savings,32856.9,2018-12-01,0
A00185,C0098,Savings,31475.02,2016-03-01,0
A00186,C0098,Personal Loan,17811.52,2016-10-01,0
A00187,C0099,Investment Account,62735.15,2023-07-01,0
A00188,C0099,Credit Card,3420.19,2025-10-01,1
A00189,C0100,Savings,34142.84,2016-07-01,0
A00190,C0101,Mortgage,209608.65,2020-12-01,0
A00191,C0102,Checking,6339.03,2024-11-01,0
A00192,C0102,Personal Loan,17572.86,2024-03-01,0
A00193,C0103,Checking,6930.77,2023-01-01,0
A00194,C0104,Checking,22586.89,2018-02-01,0
A00195,C0104,Investment Account,55131.13,2018-08-01,0
A00196,C0104,Credit Card,6261.42,2016-05-01,1
A00197,C0105,Savings,22876.7,2013-11-01,0
A00198,C0106,Checking,16008.58,2021-09-01,0
A00199,C0106,Investment Account,34604.64,2022-03-01,0
A00200,C0107,Savings,42625.01,2017-04-01,0
A00201,C0108,Savings,14784.45,2016-07-01,0
A00202,C0108,Credit Card,1540.24,2016-12-01,1
A00203,C0109,Checking,12771.58,2020-06-01,0
A00204,C0109,Personal Loan,14669.26,2019-10-01,0
A00205,C0109,Savings,13453.57,2019-01-01,0
A00206,C0110,Savings,36719.12,2015-06-01,0
A00207,C0110,Personal Loan,5220.02,2013-11-01,0
A00208,C0111,Mortgage,118726.61,2023-02-01,0
A00209,C0111,Credit Card,2764.82,2023-05-01,1
A00210,C0112,Investment Account,79974.7,2012-11-01,0
A00211,C0112,Checking,10552.82,2013-12-01,0
A00212,C0112,Mortgage,218771.98,2013-02-01,0
A00213,C0113,Investment Account,42675.2,2013-03-01,0
A00214,C0114,Credit Card,4399.76,2017-08-01,1
A00215,C0114,Investment Account,34205.68,2018-06-01,0
A00216,C0114,Personal Loan,7246.94,2016-11-01,0
A00217,C0115,Mortgage,50000,2022-02-01,0
A00218,C0115,Personal Loan,11991.12,2023-12-01,0
A00219,C0115,Investment Account,10255.59,2023-12-01,0
A00220,C0116,Checking,12216.18,2016-06-01,0
A00221,C0117,Checking,4086.74,2025-02-01,0
A00222,C0118,Credit Card,5614.51,2025-03-01,1
A00223,C0119,Savings,33634.53,2014-04-01,0
A00224,C0120,Savings,2398.09,2015-12-01,0
A00225,C0121,Investment Account,36668.62,2022-12-01,0
A00226,C0122,Credit Card,587.17,2014-02-01,1
A00227,C0122,Checking,529.94,2012-01-01,0
A00228,C0122,Mortgage,199609.19,2012-06-01,0
A00229,C0122,Investment Account,59198.59,2012-10-01,0
A00230,C0123,Personal Loan,19652.37,2014-12-01,0
A00231,C0123,Savings,36036.64,2014-08-01,0
A00232,C0123,Mortgage,255799.16,2014-12-01,0
A00233,C0124,Investment Account,36681.42,2013-01-01,0
A00234,C0125,Checking,3856.25,2024-03-01,0
A00235,C0125,Mortgage,326490.82,2024-08-01,0
A00236,C0125,Savings,24322.35,2024-12-01,0
A00237,C0126,Mortgage,165108.82,2016-05-01,0
A00238,C0126,Investment Account,14526.57,2016-09-01,0
A00239,C0126,Credit Card,0,2018-04-01,1
A00240,C0127,Checking,18753.44,2025-03-01,0
A00241,C0127,Savings,43627.89,2025-02-01,0
A00242,C0128,Personal Loan,1000,2021-11-01,0
A00243,C0128,Investment Account,20709.1,2019-06-01,0
A00244,C0128,Credit Card,4738.68,2021-07-01,1
A00245,C0129,Checking,13013.35,2012-01-01,0
A00246,C0130,Savings,32421.23,2021-02-01,0
A00247,C0131,Credit Card,3916.62,2014-04-01,1
A00248,C0132,Mortgage,231542.57,2024-01-01,0
A00249,C0133,Personal Loan,18378.9,2015-01-01,0
A00250,C0133,Checking,9289.19,2015-05-01,0
A00251,C0134,Mortgage,154191.57,2017-11-01,0
A00252,C0134,Savings,0,2015-06-01,0
A00253,C0134,Credit Card,0,2015-09-01,1
A00254,C0134,Investment Account,72146.14,2015-01-01,0
A00255,C0135,Mortgage,174275.94,2024-02-01,0
A00256,C0135,Checking,11831.02,2025-02-01,0
A00257,C0136,Savings,46576.57,2023-12-01,0
A00258,C0136,Investment Account,110492.52,2023-11-01,0
A00259,C0136,Mortgage,58046.04,2022-03-01,0
A00260,C0136,Credit Card,2501.52,2022-05-01,1
A00261,C0137,Personal Loan,25671.22,2025-04-01,0
A00262,C0137,Checking,1936.39,2025-10-01,0
A00263,C0138,Mortgage,195651.78,2017-09-01,0
A00264,C0138,Personal Loan,15797.53,2016-08-01,0
A00265,C0139,Credit Card,4332.9,2020-05-01,1
A00266,C0140,Checking,12897.37,2021-08-01,0
A00267,C0140,Savings,20983.1,2020-08-01,0
A00268,C0141,Savings,42355.99,2017-08-01,0
A00269,C0141,Checking,20010.82,2016-07-01,0
A00270,C0142,Investment Account,59620.46,2019-09-01,0
A00271,C0142,Savings,46899.18,2019-02-01,0
A00272,C0142,Personal Loan,1000,2020-07-01,0
A00273,C0143,Investment Account,124656.59,2024-12-01,0
A00274,C0144,Mortgage,239715.14,2015-05-01,0
A00275,C0144,Checking,2958.52,2015-04-01,0
A00276,C0144,Savings,38453.65,2016-08-01,0
A00277,C0145,Credit Card,0,2018-02-01,1
A00278,C0145,Personal Loan,16947.67,2017-03-01,0
A00279,C0146,Personal Loan,17229.76,2014-06-01,0
A00280,C0146,Investment Account,70446.21,2015-08-01,0
A00281,C0147,Investment Account,21036.78,2011-09-01,0
A00282,C0148,Personal Loan,15961.98,2011-11-01,0
A00283,C0149,Mortgage,284716.1,2024-01-01,0
A00284,C0150,Credit Card,3942.28,2016-04-01,1
A00285,C0150,Personal Loan,28345.66,2018-07-01,0
A00286,C0150,Mortgage,50000,2017-05-01,0
A00287,C0150,Checking,6850.22,2016-05-01,0
A00288,C0151,Investment Account,35561.62,2015-07-01,0
A00289,C0152,Credit Card,3797.85,2024-06-01,1
A00290,C0152,Savings,15065.81,2024-03-01,0
A00291,C0153,Personal Loan,2920.42,2014-12-01,0
A00292,C0154,Investment Account,52028.93,2021-01-01,0
A00293,C0154,Mortgage,50000,2020-02-01,0
A00294,C0155,Mortgage,125690.94,2017-06-01,0
A00295,C0155,Investment Account,16274.62,2019-12-01,0
A00296,C0156,Investment Account,0,2015-08-01,0
A00297,C0156,Credit Card,6213.4,2016-02-01,1
A00298,C0156,Checking,5648.63,2017-07-01,0
A00299,C0157,Investment Account,77823.19,2014-11-01,0
A00300,C0158,Mortgage,186896.09,2020-04-01,0
A00301,C0158,Checking,8395.68,2022-09-01,0
A00302,C0159,Savings,10399.24,2025-11-01,0
A00303,C0159,Credit Card,2778.03,2025-01-01,1
A00304,C0159,Investment Account,42630.3,2025-05-01,0
A00305,C0160,Checking,4571.91,2013-06-01,0
A00306,C0160,Personal Loan,7893.97,2013-09-01,0
A00307,C0161,Credit Card,5976.5,2012-03-01,1
A00308,C0161,Checking,5531.75,2013-10-01,0
A00309,C0162,Credit Card,5605.95,2024-11-01,1
A00310,C0163,Mortgage,90289.11,2019-02-01,0
A00311,C0164,Checking,3899.63,2016-12-01,0
A00312,C0164,Investment Account,24395.11,2017-09-01,0
A00313,C0164,Mortgage,250842.51,2017-01-01,0
A00314,C0165,Personal Loan,20082.6,2018-08-01,0
A00315,C0165,Savings,13585.35,2019-02-01,0
A00316,C0166,Personal Loan,13743.46,2022-12-01,0
A00317,C0166,Investment Account,51502.15,2021-04-01,0
A00318,C0167,Credit Card,455.5,2016-07-01,1
A00319,C0167,Investment Account,43730.78,2016-01-01,0
A00320,C0168,Savings,20544.05,2019-09-01,0
A00321,C0169,Credit Card,3587.07,2016-10-01,1
A00322,C0169,Savings,70437.66,2018-07-01,0
A00323,C0169,Personal Loan,21813.82,2018-07-01,0
A00324,C0170,Investment Account,0,2019-12-01,0
A00325,C0171,Credit Card,214.52,2013-12-01,1
A00326,C0172,Mortgage,176284.78,2015-05-01,0
A00327,C0172,Checking,10342.2,2014-04-01,0
A00328,C0172,Personal Loan,10982.56,2013-02-01,0
A00329,C0173,Checking,2949.94,2025-10-01,0
A00330,C0174,Checking,2671.48,2015-01-01,0
A00331,C0174,Mortgage,183091.31,2015-11-01,0
A00332,C0175,Savings,12489.99,2013-04-01,0
A00333,C0175,Investment Account,23049.96,2013-05-01,0
A00334,C0176,Credit Card,2736.43,2015-11-01,1
A00335,C0176,Checking,25678.11,2015-02-01,0
A00336,C0177,Checking,11015.42,2020-05-01,0
A00337,C0177,Savings,28264.23,2020-06-01,0
A00338,C0178,Savings,17116.01,2012-01-01,0
A00339,C0178,Personal Loan,7086.89,2013-02-01,0
A00340,C0178,Checking,12073.31,2011-11-01,0
A00341,C0179,Credit Card,3834.02,2017-03-01,1
A00342,C0179,Personal Loan,10299.99,2019-10-01,0
A00343,C0180,Checking,27394.21,2020-10-01,0
A00344,C0180,Investment Account,30594.03,2021-09-01,0
A00345,C0181,Mortgage,176061.67,2022-10-01,0
A00346,C0182,Checking,0,2015-09-01,0
A00347,C0183,Savings,25540.17,2023-04-01,0
A00348,C0183,Credit Card,2792.3,2023-12-01,1
A00349,C0183,Checking,7380.13,2024-08-01,0
A00350,C0184,Checking,5586.19,2013-12-01,0
A00351,C0185,Credit Card,3101.07,2022-07-01,1
A00352,C0185,Personal Loan,5641.97,2020-05-01,0
A00353,C0186,Investment Account,72063.91,2012-02-01,0
A00354,C0187,Mortgage,86822.19,2012-04-01,0
A00355,C0187,Credit Card,6303.33,2013-07-01,1
A00356,C0188,Credit Card,2272.16,2013-02-01,1
A00357,C0188,Investment Account,20176.39,2013-06-01,0
A00358,C0189,Investment Account,25164.82,2014-03-01,0
A00359,C0189,Checking,20111.66,2014-10-01,0
A00360,C0190,Mortgage,64077.24,2014-07-01,0
A00361,C0190,Investment Account,63561.14,2014-07-01,0
A00362,C0191,Credit Card,3529.79,2025-11-01,1
A00363,C0191,Savings,15025.71,2025-02-01,0
A00364,C0191,Checking,10924.44,2025-06-01,0
A00365,C0192,Investment Account,53764.9,2016-04-01,0
A00366,C0192,Credit Card,6731.6,2017-02-01,1
A00367,C0193,Mortgage,150556.35,2018-12-01,0
A00368,C0193,Savings,20569.98,2019-11-01,0
A00369,C0194,Investment Account,566.48,2025-06-01,0
A00370,C0195,Checking,13259.01,2021-08-01,0
A00371,C0196,Credit Card,1931.57,2013-10-01,1
A00372,C0197,Personal Loan,16955.83,2022-10-01,0
A00373,C0198,Mortgage,349744.12,2012-03-01,0
A00374,C0199,Personal Loan,13667.51,2019-11-01,0
A00375,C0199,Checking,15224.64,2019-12-01,0
A00376,C0199,Mortgage,193624.31,2019-05-01,0
A00377,C0200,Credit Card,307.04,2022-08-01,1
A00378,C0201,Personal Loan,20978.03,2022-08-01,0
A00379,C0201,Credit Card,0,2020-06-01,1
A00380,C0202,Checking,8859.51,2013-03-01,0
A00381,C0202,Investment Account,65918.2,2015-12-01,0
A00382,C0202,Savings,31752.64,2014-04-01,0
A00383,C0202,Mortgage,208484.16,2014-09-01,0
A00384,C0203,Checking,11927.16,2021-05-01,0
A00385,C0203,Credit Card,5429.67,2023-07-01,1
A00386,C0203,Investment Account,57180.2,2022-12-01,0
A00387,C0203,Personal Loan,17090.29,2022-02-01,0
A00388,C0204,Savings,30598.28,2016-07-01,0
A00389,C0205,Investment Account,22954.06,2020-11-01,0
A00390,C0205,Checking,7893.28,2020-05-01,0
A00391,C0206,Investment Account,31912.46,2023-12-01,0
A00392,C0207,Savings,22856.62,2018-11-01,0
A00393,C0208,Checking,14742.68,2011-01-01,0
A00394,C0209,Personal Loan,19250.59,2024-08-01,0
A00395,C0209,Investment Account,61254.2,2025-09-01,0
A00396,C0210,Credit Card,4369.66,2016-08-01,1
A00397,C0210,Investment Account,12367.33,2014-03-01,0
A00398,C0211,Credit Card,0,2022-08-01,1
A00399,C0212,Mortgage,207998.32,2011-11-01,0
A00400,C0212,Savings,35433.62,2012-10-01,0
A00401,C0212,Personal Loan,12308.53,2011-12-01,0
A00402,C0213,Checking,5780.18,2013-03-01,0
A00403,C0214,Mortgage,128661.25,2013-02-01,0
A00404,C0215,Savings,26146.59,2025-09-01,0
A00405,C0215,Investment Account,20476.27,2025-05-01,0
A00406,C0216,Checking,10776.14,2019-07-01,0
A00407,C0216,Personal Loan,16789.1,2017-10-01,0
A00408,C0217,Mortgage,230625.02,2024-02-01,0
A00409,C0218,Investment Account,65426.84,2021-01-01,0
A00410,C0218,Savings,18768.62,2023-05-01,0
A00411,C0219,Mortgage,228277.11,2025-12-01,0
A00412,C0220,Checking,11049.88,2020-12-01,0
A00413,C0220,Savings,20600.97,2018-06-01,0
A00414,C0221,Credit Card,5087.79,2013-03-01,1
A00415,C0221,Checking,0,2014-12-01,0
A00416,C0222,Investment Account,44051.71,2022-03-01,0
A00417,C0223,Checking,11196.28,2021-03-01,0
A00418,C0224,Investment Account,68343.32,2017-03-01,0
A00419,C0224,Personal Loan,31301.24,2017-11-01,0
A00420,C0224,Mortgage,160175.37,2017-10-01,0
A00421,C0224,Savings,9788.85,2017-08-01,0
A00422,C0225,Personal Loan,22262.13,2019-10-01,0
A00423,C0225,Checking,6384.1,2019-09-01,0
A00424,C0225,Mortgage,128751.24,2021-03-01,0
A00425,C0226,Checking,10302.6,2019-12-01,0
A00426,C0226,Investment Account,19408.14,2019-09-01,0
A00427,C0226,Credit Card,3050.97,2019-08-01,1
A00428,C0227,Credit Card,6429.3,2020-12-01,1
A00429,C0228,Mortgage,207703.01,2018-08-01,0
A00430,C0229,Investment Account,0,2012-12-01,0
A00431,C0230,Savings,38356.69,2012-06-01,0
A00432,C0230,Personal Loan,5780.36,2013-01-01,0
A00433,C0231,Investment Account,34364.85,2017-12-01,0
A00434,C0232,Personal Loan,6995.63,2025-02-01,0
A00435,C0233,Investment Account,74928.87,2012-06-01,0
A00436,C0233,Mortgage,331737.93,2012-10-01,0
A00437,C0233,Personal Loan,1000,2012-04-01,0
A00438,C0233,Credit Card,7643.56,2011-10-01,1
A00439,C0234,Credit Card,6771.52,2016-06-01,1
A00440,C0234,Mortgage,278245.63,2015-02-01,0
A00441,C0235,Personal Loan,27240.3,2025-09-01,0
A00442,C0235,Savings,60020.79,2025-03-01,0
A00443,C0235,Investment Account,36817.95,2025-01-01,0
A00444,C0235,Credit Card,5379.15,2025-01-01,1
A00445,C0236,Mortgage,246997.32,2023-07-01,0
A00446,C0237,Checking,13363.24,2017-06-01,0
A00447,C0237,Credit Card,6753.1,2019-11-01,1
A00448,C0238,Checking,1234.26,2019-07-01,0
A00449,C0238,Credit Card,2212.04,2019-01-01,1
A00450,C0238,Savings,18231.79,2020-06-01,0
A00451,C0238,Mortgage,185902.65,2020-07-01,0
A00452,C0239,Checking,17538.66,2022-10-01,0
A00453,C0239,Credit Card,1856.56,2023-06-01,1
A00454,C0240,Savings,43521.82,2016-07-01,0
A00455,C0240,Investment Account,21070.79,2016-05-01,0
A00456,C0240,Credit Card,2407.26,2018-11-01,1
A00457,C0241,Savings,28896.07,2011-03-01,0
A00458,C0241,Personal Loan,1000,2013-08-01,0
A00459,C0242,Mortgage,107325.32,2020-07-01,0
A00460,C0242,Credit Card,3783.85,2020-01-01,1
A00461,C0243,Personal Loan,15406.76,2025-04-01,0
A00462,C0243,Checking,213.21,2025-09-01,0
A00463,C0244,Mortgage,309362.91,2016-07-01,0
A00464,C0244,Investment Account,8816.18,2016-07-01,0
A00465,C0245,Mortgage,201768.85,2013-11-01,0
A00466,C0245,Personal Loan,12149.85,2012-06-01,0
A00467,C0246,Credit Card,705.01,2019-02-01,1
A00468,C0246,Mortgage,192817.08,2021-10-01,0
A00469,C0247,Investment Account,34167.79,2022-12-01,0
A00470,C0247,Checking,1601.15,2021-03-01,0
A00471,C0248,Investment Account,33882.44,2014-05-01,0
A00472,C0249,Personal Loan,11431.49,2018-04-01,0
A00473,C0249,Mortgage,185476.22,2018-02-01,0
A00474,C0250,Savings,22100.39,2014-08-01,0
A00475,C0250,Investment Account,80192.01,2015-01-01,0
A00476,C0251,Credit Card,3712.96,2015-04-01,1
A00477,C0251,Personal Loan,20483.98,2017-11-01,0
A00478,C0251,Mortgage,105890.84,2016-11-01,0
A00479,C0252,Personal Loan,11646.91,2025-11-01,0
A00480,C0252,Savings,13311.62,2025-03-01,0
A00481,C0253,Savings,7231.38,2024-10-01,0
A00482,C0253,Personal Loan,15809.67,2025-06-01,0
A00483,C0254,Investment Account,0,2023-01-01,0
A00484,C0254,Checking,10968.49,2024-08-01,0
A00485,C0255,Personal Loan,21777.86,2013-11-01,0
A00486,C0256,Mortgage,189406.63,2013-03-01,0
A00487,C0256,Personal Loan,2439.9,2013-01-01,0
A00488,C0256,Checking,10425.69,2012-06-01,0
A00489,C0257,Savings,39974.89,2014-02-01,0
A00490,C0257,Credit Card,1236.2,2012-11-01,1
A00491,C0258,Investment Account,39748.81,2024-03-01,0
A00492,C0259,Investment Account,18196.63,2015-07-01,0
A00493,C0260,Investment Account,0,2014-11-01,0
A00494,C0261,Investment Account,52840.01,2013-11-01,0
A00495,C0262,Savings,1870.29,2017-10-01,0
A00496,C0262,Credit Card,1244.36,2016-02-01,1
A00497,C0263,Savings,25054.56,2025-11-01,0
A00498,C0264,Investment Account,89090.93,2011-03-01,0
A00499,C0264,Savings,19576.15,2012-02-01,0
A00500,C0265,Checking,2648.37,2013-02-01,0
A00501,C0266,Investment Account,68417.57,2019-08-01,0
A00502,C0266,Checking,6059.66,2018-03-01,0
A00503,C0267,Mortgage,183738.81,2013-04-01,0
A00504,C0267,Investment Account,77178.39,2012-12-01,0
A00505,C0267,Savings,39317.95,2012-02-01,0
A00506,C0267,Checking,17865.81,2014-01-01,0
A00507,C0268,Investment Account,60735.08,2011-06-01,0
A00508,C0268,Checking,18972.45,2012-10-01,0
A00509,C0269,Checking,12338.89,2024-11-01,0
A00510,C0269,Credit Card,7361.68,2024-08-01,1
A00511,C0270,Personal Loan,7488.54,2022-03-01,0
A00512,C0271,Investment Account,44849.51,2021-02-01,0
A00513,C0271,Personal Loan,21732.32,2019-02-01,0
A00514,C0271,Checking,13690.3,2020-04-01,0
A00515,C0272,Mortgage,158996.24,2021-05-01,0
A00516,C0273,Credit Card,4941.97,2020-05-01,1
A00517,C0273,Checking,15501.98,2022-10-01,0
A00518,C0274,Personal Loan,19740.46,2021-09-01,0
A00519,C0274,Mortgage,173226.17,2022-05-01,0
A00520,C0275,Checking,5747.91,2018-05-01,0
A00521,C0275,Credit Card,4992.72,2017-03-01,1
A00522,C0276,Investment Account,104767.7,2012-11-01,0
A00523,C0277,Checking,21585.49,2022-12-01,0
A00524,C0277,Savings,41357.68,2020-06-01,0
A00525,C0277,Personal Loan,34437.44,2022-12-01,0
A00526,C0278,Checking,6756.55,2015-03-01,0
A00527,C0278,Mortgage,182185.64,2014-08-01,0
A00528,C0279,Investment Account,53687.9,2019-08-01,0
A00529,C0279,Credit Card,1404.11,2018-01-01,1
A00530,C0280,Checking,19531.91,2016-12-01,0
A00531,C0280,Savings,42517.54,2015-07-01,0
A00532,C0280,Personal Loan,16041.25,2016-03-01,0
A00533,C0280,Credit Card,529.21,2014-02-01,1
A00534,C0281,Mortgage,218818.32,2018-04-01,0
A00535,C0281,Credit Card,0,2017-04-01,1
A00536,C0282,Checking,19688.68,2023-07-01,0
A00537,C0283,Mortgage,314386.14,2025-04-01,0
A00538,C0283,Investment Account,60311.41,2025-02-01,0
A00539,C0284,Credit Card,5700.05,2017-04-01,1
A00540,C0285,Savings,26529.37,2025-02-01,0
A00541,C0285,Mortgage,168443.24,2025-04-01,0
A00542,C0285,Personal Loan,12344.64,2025-12-01,0
A00543,C0285,Investment Account,42385.47,2025-08-01,0
A00544,C0286,Credit Card,580.1,2025-11-01,1
A00545,C0286,Mortgage,190771.2,2025-12-01,0
A00546,C0287,Checking,21176.24,2024-07-01,0
A00547,C0287,Investment Account,33453.87,2024-02-01,0
A00548,C0288,Savings,0,2022-04-01,0
A00549,C0289,Mortgage,202663.97,2021-01-01,0
A00550,C0290,Investment Account,73081.72,2014-08-01,0
A00551,C0290,Personal Loan,18278.33,2016-07-01,0
A00552,C0290,Mortgage,134004.93,2015-02-01,0
A00553,C0290,Checking,19462.51,2015-08-01,0
A00554,C0291,Personal Loan,20757.43,2023-08-01,0
A00555,C0292,Savings,2804.79,2021-01-01,0
A00556,C0293,Checking,14559.62,2012-01-01,0
A00557,C0293,Mortgage,291150.37,2012-05-01,0
A00558,C0294,Mortgage,117685.44,2025-12-01,0
A00559,C0294,Savings,31172.44,2025-12-01,0
A00560,C0294,Checking,2874.96,2025-01-01,0
A00561,C0295,Mortgage,296454.4,2019-07-01,0
A00562,C0295,Personal Loan,1000,2020-12-01,0
A00563,C0295,Credit Card,119.96,2018-07-01,1
A00564,C0296,Savings,12939.3,2021-05-01,0
A00565,C0296,Investment Account,67584.68,2021-04-01,0
A00566,C0297,Credit Card,0,2017-10-01,1
A00567,C0297,Investment Account,41394.47,2018-11-01,0
A00568,C0297,Personal Loan,21256.12,2019-01-01,0
A00569,C0298,Mortgage,109172.0,2016-08-01,0
A00570,C0299,Personal Loan,2116.34,2015-01-01,0
A00571,C0299,Checking,15206.71,2016-04-01,0
A00572,C0300,Checking,7040.0,2018-09-01,0
A00573,C0300,Credit Card,2801.14,2016-05-01,1
A00574,C0301,Personal Loan,17678.28,2017-11-01,0
A00575,C0301,Savings,38648.77,2019-01-01,0
A00576,C0302,Investment Account,99034.15,2023-03-01,0
A00577,C0303,Personal Loan,10829.53,2012-01-01,0
A00578,C0303,Mortgage,271833.54,2014-05-01,0
A00579,C0304,Checking,8776.97,2015-08-01,0
A00580,C0304,Credit Card,4540.08,2013-09-01,1
A00581,C0304,Investment Account,62914.78,2015-06-01,0
A00582,C0304,Mortgage,208695.53,2015-07-01,0
A00583,C0305,Personal Loan,18160.41,2025-10-01,0
A00584,C0306,Credit Card,2105.65,2018-05-01,1
A00585,C0306,Personal Loan,11591.82,2017-05-01,0
A00586,C0306,Investment Account,32705.24,2017-10-01,0
A00587,C0307,Credit Card,0,2024-10-01,1
A00588,C0308,Savings,19874.04,2025-01-01,0
A00589,C0308,Personal Loan,12484.7,2025-02-01,0
A00590,C0309,Savings,13436.12,2019-02-01,0
A00591,C0309,Mortgage,237871.67,2017-10-01,0
A00592,C0309,Personal Loan,6985.78,2018-11-01,0
A00593,C0309,Credit Card,215.62,2018-04-01,1
A00594,C0310,Credit Card,2737.92,2018-06-01,1
A00595,C0310,Savings,23874.79,2018-12-01,0
A00596,C0310,Investment Account,70899.03,2018-08-01,0
A00597,C0311,Personal Loan,23998.42,2017-06-01,0
A00598,C0311,Credit Card,4923.44,2019-08-01,1
A00599,C0312,Personal Loan,16902.89,2019-09-01,0
A00600,C0312,Investment Account,100818.26,2019-07-01,0
A00601,C0313,Investment Account,2855.41,2018-06-01,0
A00602,C0313,Savings,2246.36,2017-02-01,0
A00603,C0314,Mortgage,90737.29,2022-03-01,0
A00604,C0314,Savings,10291.24,2023-01-01,0
A00605,C0315,Personal Loan,14145.9,2021-12-01,0
A00606,C0316,Personal Loan,25138.47,2020-12-01,0
A00607,C0317,Checking,16616.25,2025-07-01,0
A00608,C0318,Personal Loan,26874.52,2014-12-01,0
A00609,C0318,Mortgage,166696.73,2015-10-01,0
A00610,C0319,Checking,13736.96,2020-12-01,0
A00611,C0319,Investment Account,109492.09,2021-11-01,0
A00612,C0320,Personal Loan,5646.96,2020-12-01,0
A00613,C0320,Credit Card,4382.2,2021-09-01,1
A00614,C0321,Checking,11359.13,2013-10-01,0
A00615,C0322,Personal Loan,6163.91,2024-05-01,0
A00616,C0322,Credit Card,4456.33,2022-04-01,1
A00617,C0323,Credit Card,6426.83,2021-10-01,1
A00618,C0324,Personal Loan,17886.33,2013-07-01,0
A00619,C0324,Credit Card,2466.8,2012-01-01,1
A00620,C0325,Investment Account,62088.76,2025-05-01,0
A00621,C0325,Savings,0,2023-06-01,0
A00622,C0325,Personal Loan,9970.07,2024-03-01,0
A00623,C0326,Credit Card,1214.76,2019-05-01,1
A00624,C0327,Credit Card,3367.09,2023-05-01,1
A00625,C0327,Mortgage,217297.55,2023-03-01,0
A00626,C0327,Checking,11663.67,2021-10-01,0
A00627,C0327,Personal Loan,31600.75,2023-09-01,0
A00628,C0328,Checking,0,2016-05-01,0
A00629,C0328,Credit Card,6602.76,2018-08-01,1
A00630,C0329,Credit Card,1897.22,2018-12-01,1
A00631,C0329,Checking,11150.32,2017-08-01,0
A00632,C0330,Credit Card,2511.77,2018-11-01,1
A00633,C0331,Checking,8347.0,2011-06-01,0
A00634,C0332,Credit Card,1215.07,2025-08-01,1
A00635,C0333,Mortgage,167518.55,2018-07-01,0
A00636,C0333,Checking,3473.63,2018-12-01,0
A00637,C0334,Credit Card,6935.03,2015-03-01,1
A00638,C0334,Savings,14061.81,2017-07-01,0
A00639,C0334,Checking,11437.64,2015-05-01,0
A00640,C0335,Savings,12861.63,2012-03-01,0
A00641,C0335,Personal Loan,20189.06,2013-12-01,0
A00642,C0336,Checking,20122.09,2011-08-01,0
A00643,C0336,Personal Loan,9884.61,2011-01-01,0
A00644,C0337,Personal Loan,13058.34,2017-10-01,0
A00645,C0338,Credit Card,0,2017-05-01,1
A00646,C0339,Investment Account,49340.25,2015-07-01,0
A00647,C0339,Personal Loan,6816.64,2014-02-01,0
A00648,C0339,Mortgage,130834.23,2013-02-01,0
A00649,C0340,Credit Card,3248.18,2016-08-01,1
A00650,C0340,Personal Loan,23413.35,2017-11-01,0
A00651,C0340,Mortgage,272635.09,2018-03-01,0
A00652,C0340,Savings,40201.56,2017-08-01,0
A00653,C0341,Investment Account,68301.97,2024-07-01,0
A00654,C0341,Savings,24572.72,2024-09-01,0
A00655,C0342,Credit Card,853.14,2023-05-01,1
A00656,C0342,Investment Account,65437.47,2022-05-01,0
A00657,C0342,Personal Loan,9399.2,2024-01-01,0
A00658,C0343,Personal Loan,15511.49,2023-10-01,0
A00659,C0344,Investment Account,70718.51,2014-01-01,0
A00660,C0344,Checking,13923.65,2013-02-01,0
A00661,C0344,Credit Card,3679.18,2013-09-01,1
A00662,C0345,Checking,3195.83,2025-04-01,0
A00663,C0346,Savings,31499.59,2016-04-01,0
A00664,C0346,Investment Account,19398.4,2015-03-01,0
A00665,C0347,Savings,26536.92,2012-09-01,0
A00666,C0347,Mortgage,177517.34,2012-09-01,0
A00667,C0347,Investment Account,17309.27,2012-05-01,0
A00668,C0348,Investment Account,65672.03,2018-01-01,0
A00669,C0349,Checking,10753.8,2016-03-01,0
A00670,C0350,Credit Card,683.0,2013-09-01,1
A00671,C0350,Checking,6726.75,2014-01-01,0
A00672,C0350,Mortgage,59795.58,2013-12-01,0
A00673,C0351,Mortgage,173207.23,2016-10-01,0
A00674,C0351,Savings,0,2017-06-01,0
A00675,C0351,Checking,0,2017-05-01,0
A00676,C0352,Checking,12984.91,2020-10-01,0
A00677,C0352,Credit Card,914.13,2018-04-01,1
A00678,C0353,Personal Loan,16186.41,2023-08-01,0
A00679,C0353,Credit Card,2232.01,2025-12-01,1
A00680,C0353,Savings,0,2023-08-01,0
A00681,C0353,Investment Account,58235.63,2024-04-01,0
A00682,C0354,Personal Loan,36463.89,2024-11-01,0
A00683,C0354,Mortgage,169468.22,2025-02-01,0
A00684,C0355,Savings,31310.53,2014-08-01,0
A00685,C0356,Checking,0,2019-12-01,0
A00686,C0356,Savings,41627.03,2019-04-01,0
A00687,C0357,Personal Loan,12264.12,2018-01-01,0
A00688,C0358,Mortgage,248090.48,2023-07-01,0
A00689,C0359,Credit Card,872.55,2020-04-01,1
A00690,C0359,Savings,17593.01,2019-08-01,0
A00691,C0359,Personal Loan,12542.37,2020-12-01,0
A00692,C0360,Checking,1527.35,2024-12-01,0
A00693,C0361,Savings,22463.07,2013-02-01,0
A00694,C0362,Personal Loan,10246.66,2017-01-01,0
A00695,C0363,Personal Loan,25394.31,2025-07-01,0
A00696,C0363,Savings,50221.63,2024-05-01,0
A00697,C0363,Investment Account,118285.98,2025-11-01,0
A00698,C0364,Credit Card,9430.49,2016-06-01,1
A00699,C0365,Credit Card,1326.35,2025-12-01,1
A00700,C0366,Mortgage,177615.45,2020-08-01,0
A00701,C0366,Credit Card,3813.98,2021-12-01,1
A00702,C0367,Savings,37623.77,2022-07-01,0
A00703,C0367,Investment Account,59552.78,2021-05-01,0
A00704,C0367,Personal Loan,23143.92,2023-04-01,0
A00705,C0367,Checking,9334.79,2022-06-01,0
A00706,C0368,Mortgage,216619.29,2019-10-01,0
A00707,C0369,Credit Card,0,2021-11-01,1
A00708,C0370,Savings,0,2020-05-01,0
A00709,C0371,Personal Loan,5824.45,2015-09-01,0
A00710,C0371,Mortgage,279804.78,2016-11-01,0
A00711,C0371,Credit Card,2593.7,2014-02-01,1
A00712,C0372,Credit Card,2252.97,2024-10-01,1
A00713,C0372,Savings,47722.42,2025-11-01,0
A00714,C0373,Credit Card,6197.25,2025-10-01,1
A00715,C0373,Mortgage,143378.35,2025-01-01,0
A00716,C0373,Investment Account,15382.26,2025-04-01,0
A00717,C0374,Savings,34701.16,2016-06-01,0
A00718,C0375,Checking,13841.63,2015-09-01,0
A00719,C0376,Personal Loan,10617.34,2022-09-01,0
A00720,C0376,Investment Account,92945.35,2023-07-01,0
A00721,C0376,Credit Card,3856.21,2023-05-01,1
A00722,C0377,Checking,0,2014-11-01,0
A00723,C0377,Mortgage,244289.98,2015-09-01,0
A00724,C0377,Savings,0,2015-08-01,0
A00725,C0378,Credit Card,402.04,2022-03-01,1
A00726,C0378,Checking,6216.99,2021-06-01,0
A00727,C0379,Investment Account,53670.66,2016-07-01,0
A00728,C0379,Credit Card,6694.39,2017-03-01,1
A00729,C0379,Personal Loan,38986.21,2016-08-01,0
A00730,C0380,Mortgage,84642.49,2024-06-01,0
A00731,C0381,Credit Card,6057.6,2013-10-01,1
A00732,C0382,Investment Account,27102.0,2019-11-01,0
A00733,C0383,Investment Account,38193.05,2024-10-01,0
A00734,C0384,Investment Account,21968.15,2016-03-01,0
A00735,C0384,Personal Loan,1000,2017-02-01,0
A00736,C0384,Mortgage,210395.15,2015-06-01,0
A00737,C0385,Investment Account,72986.69,2018-02-01,0
A00738,C0386,Checking,16538.24,2025-11-01,0
A00739,C0386,Investment Account,38613.47,2025-05-01,0
A00740,C0387,Savings,6842.27,2015-06-01,0
A00741,C0387,Mortgage,221560.58,2015-12-01,0
A00742,C0387,Checking,6310.75,2014-09-01,0
A00743,C0387,Investment Account,89161.87,2014-11-01,0
A00744,C0388,Checking,9288.52,2022-03-01,0
A00745,C0388,Savings,21006.15,2021-01-01,0
A00746,C0389,Savings,14527.05,2016-09-01,0
A00747,C0390,Investment Account,30576.36,2020-06-01,0
A00748,C0390,Checking,15633.06,2021-10-01,0
A00749,C0391,Checking,19912.79,2022-12-01,0
A00750,C0391,Mortgage,273240.31,2022-03-01,0
A00751,C0391,Personal Loan,10378.81,2022-03-01,0
A00752,C0392,Savings,45027.8,2018-12-01,0
A00753,C0392,Credit Card,5450.53,2020-11-01,1
A00754,C0392,Personal Loan,12604.26,2018-12-01,0
A00755,C0393,Checking,7472.62,2013-10-01,0
A00756,C0393,Personal Loan,10181.9,2014-07-01,0
A00757,C0394,Savings,20287.02,2014-05-01,0
A00758,C0395,Credit Card,5047.35,2022-06-01,1
A00759,C0395,Checking,3607.81,2023-09-01,0
A00760,C0396,Investment Account,31812.28,2013-10-01,0
A00761,C0396,Savings,5158.74,2013-12-01,0
A00762,C0397,Investment Account,69533.39,2023-06-01,0
A00763,C0397,Credit Card,2168.85,2025-05-01,1
A00764,C0398,Savings,1748.66,2015-04-01,0
A00765,C0399,Checking,74.79,2016-03-01,0
A00766,C0399,Investment Account,40475.16,2016-10-01,0
A00767,C0400,Investment Account,38310.26,2017-02-01,0
A00768,C0401,Checking,7669.77,2015-08-01,0
A00769,C0401,Savings,8801.73,2014-03-01,0
A00770,C0402,Personal Loan,24959.72,2014-08-01,0
A00771,C0402,Mortgage,215109.07,2016-12-01,0
A00772,C0402,Savings,3484.61,2015-12-01,0
A00773,C0403,Savings,17937.02,2014-11-01,0
A00774,C0403,Credit Card,0,2014-05-01,1
A00775,C0404,Savings,25199.5,2012-02-01,0
A00776,C0405,Mortgage,50000,2019-01-01,0
A00777,C0405,Personal Loan,17482.2,2018-10-01,0
A00778,C0406,Mortgage,223804.51,2014-06-01,0
A00779,C0406,Savings,23436.55,2012-05-01,0
A00780,C0406,Investment Account,35314.44,2012-06-01,0
A00781,C0406,Checking,5013.37,2012-11-01,0
A00782,C0407,Savings,24775.96,2017-05-01,0
A00783,C0408,Savings,34079.82,2024-04-01,0
A00784,C0409,Mortgage,122386.34,2014-01-01,0
A00785,C0410,Credit Card,0,2023-04-01,1
A00786,C0410,Checking,10167.91,2022-11-01,0
A00787,C0411,Personal Loan,15294.24,2019-06-01,0
A00788,C0411,Savings,13947.91,2019-07-01,0
A00789,C0412,Credit Card,674.71,2017-12-01,1
A00790,C0412,Personal Loan,13429.3,2017-01-01,0
A00791,C0412,Mortgage,203172.02,2015-06-01,0
A00792,C0413,Mortgage,286095.64,2019-10-01,0
A00793,C0413,Checking,8640.86,2019-04-01,0
A00794,C0414,Savings,0,2019-04-01,0
A00795,C0415,Checking,3834.94,2012-03-01,0
A00796,C0416,Personal Loan,24857.78,2020-08-01,0
A00797,C0417,Personal Loan,18454.97,2019-02-01,0
A00798,C0418,Checking,13963.63,2023-12-01,0
A00799,C0418,Credit Card,7683.09,2021-03-01,1
A00800,C0419,Mortgage,273875.52,2025-07-01,0
A00801,C0420,Checking,3421.99,2015-01-01,0
A00802,C0420,Personal Loan,5194.78,2015-07-01,0
A00803,C0421,Mortgage,242578.27,2019-06-01,0
A00804,C0422,Investment Account,0,2016-03-01,0
A00805,C0422,Credit Card,6623.81,2017-11-01,1
A00806,C0422,Mortgage,173844.17,2016-03-01,0
A00807,C0423,Investment Account,28202.08,2016-12-01,0
A00808,C0424,Personal Loan,12151.21,2021-01-01,0
A00809,C0424,Checking,13526.2,2021-01-01,0
A00810,C0424,Investment Account,69064.86,2022-11-01,0
A00811,C0425,Personal Loan,8801.98,2023-09-01,0
A00812,C0425,Credit Card,0,2024-03-01,1
A00813,C0426,Personal Loan,22045.11,2013-01-01,0
A00814,C0427,Credit Card,3472.52,2014-12-01,1
A00815,C0427,Checking,5539.81,2014-02-01,0
A00816,C0428,Savings,28780.56,2014-08-01,0
A00817,C0429,Credit Card,7412.65,2023-12-01,1
A00818,C0429,Investment Account,36933.32,2025-10-01,0
A00819,C0430,Checking,6143.08,2016-11-01,0
A00820,C0430,Credit Card,4330.8,2014-07-01,1
A00821,C0431,Investment Account,22630.26,2022-07-01,0
A00822,C0431,Checking,15772.81,2022-01-01,0
A00823,C0432,Investment Account,43120.04,2015-07-01,0
A00824,C0433,Mortgage,294003.97,2018-09-01,0
A00825,C0433,Credit Card,4474.96,2016-06-01,1
A00826,C0433,Investment Account,27215.39,2018-08-01,0
A00827,C0433,Personal Loan,19061.81,2017-12-01,0
A00828,C0434,Savings,63139.83,2024-11-01,0
A00829,C0434,Credit Card,5908.18,2022-11-01,1
A00830,C0435,Checking,10215.38,2020-04-01,0
A00831,C0436,Personal Loan,11469.65,2021-10-01,0
A00832,C0437,Investment Account,24924.88,2012-04-01,0
A00833,C0437,Credit Card,5664.71,2012-10-01,1
A00834,C0437,Checking,9102.34,2013-12-01,0
A00835,C0438,Mortgage,140642.92,2011-08-01,0
A00836,C0438,Personal Loan,9648.68,2012-01-01,0
A00837,C0439,Credit Card,1472.26,2025-12-01,1
A00838,C0440,Savings,38045.27,2025-07-01,0
A00839,C0440,Personal Loan,30325.71,2024-11-01,0
A00840,C0441,Checking,10862.77,2025-09-01,0
A00841,C0441,Savings,11819.3,2025-08-01,0
A00842,C0442,Checking,12150.77,2013-10-01,0
A00843,C0442,Savings,30371.94,2012-07-01,0
A00844,C0443,Checking,13338.29,2016-09-01,0
A00845,C0443,Credit Card,5790.14,2015-02-01,1
A00846,C0443,Personal Loan,23051.0,2016-04-01,0
A00847,C0443,Investment Account,48497.27,2016-03-01,0
A00848,C0444,Investment Account,59100.01,2023-04-01,0
A00849,C0444,Personal Loan,5579.69,2023-06-01,0
A00850,C0444,Mortgage,234875.33,2024-02-01,0
A00851,C0445,Investment Account,8008.3,2024-07-01,0
A00852,C0445,Credit Card,3150.0,2025-08-01,1
A00853,C0446,Personal Loan,23974.1,2024-05-01,0
A00854,C0447,Credit Card,7946.95,2024-11-01,1
A00855,C0448,Checking,2010.94,2016-07-01,0
A00856,C0449,Checking,14341.29,2020-04-01,0
A00857,C0450,Mortgage,154278.53,2025-12-01,0
A00858,C0451,Checking,8448.09,2014-04-01,0
A00859,C0451,Credit Card,5166.58,2014-02-01,1
A00860,C0452,Checking,15777.09,2025-04-01,0
A00861,C0452,Mortgage,211224.39,2024-12-01,0
A00862,C0452,Personal Loan,11165.57,2023-03-01,0
A00863,C0452,Credit Card,0,2023-06-01,1
A00864,C0453,Checking,10148.88,2024-04-01,0
A00865,C0454,Investment Account,24058.58,2024-08-01,0
A00866,C0454,Mortgage,204350.43,2025-11-01,0
A00867,C0455,Mortgage,264777.76,2017-04-01,0
A00868,C0456,Checking,0,2020-01-01,0
A00869,C0456,Investment Account,32308.9,2020-08-01,0
A00870,C0457,Checking,2923.03,2015-09-01,0
A00871,C0457,Personal Loan,25038.07,2015-09-01,0
A00872,C0457,Credit Card,6540.26,2015-01-01,1
A00873,C0458,Investment Account,36934.65,2014-01-01,0
A00874,C0458,Checking,14329.69,2013-07-01,0
A00875,C0459,Mortgage,150219.07,2019-05-01,0
A00876,C0459,Personal Loan,16786.13,2021-02-01,0
A00877,C0460,Investment Account,59058.87,2016-04-01,0
A00878,C0460,Credit Card,4826.3,2016-02-01,1
A00879,C0461,Investment Account,102431.76,2021-04-01,0
A00880,C0462,Credit Card,5891.85,2024-08-01,1
A00881,C0462,Investment Account,32883.22,2025-01-01,0
A00882,C0462,Personal Loan,5147.97,2023-03-01,0
A00883,C0463,Checking,14137.73,2025-05-01,0
A00884,C0463,Savings,6151.55,2024-12-01,0
A00885,C0464,Investment Account,29014.09,2016-05-01,0
A00886,C0465,Savings,48778.0,2016-10-01,0
A00887,C0466,Investment Account,53094.86,2018-05-01,0
A00888,C0467,Checking,20093.71,2025-06-01,0
A00889,C0468,Investment Account,10431.84,2018-06-01,0
A00890,C0468,Mortgage,243063.19,2020-03-01,0
A00891,C0469,Mortgage,112700.19,2022-11-01,0
A00892,C0469,Credit Card,2801.35,2021-09-01,1
A00893,C0470,Personal Loan,34309.91,2019-04-01,0
A00894,C0470,Investment Account,51492.85,2019-04-01,0
A00895,C0471,Credit Card,0,2015-11-01,1
A00896,C0472,Personal Loan,6847.75,2020-10-01,0
A00897,C0473,Checking,8191.15,2025-07-01,0
A00898,C0473,Mortgage,113806.01,2025-02-01,0
A00899,C0473,Savings,42454.92,2025-09-01,0
A00900,C0474,Investment Account,34401.36,2022-10-01,0
A00901,C0474,Mortgage,129395.13,2023-03-01,0
A00902,C0474,Checking,7854.1,2023-11-01,0
A00903,C0474,Personal Loan,18602.11,2023-08-01,0
A00904,C0475,Mortgage,142860.65,2025-09-01,0
A00905,C0476,Investment Account,50283.82,2025-09-01,0
A00906,C0477,Savings,16292.22,2020-04-01,0
A00907,C0478,Mortgage,94269.63,2019-06-01,0
A00908,C0478,Personal Loan,17209.84,2021-02-01,0
A00909,C0479,Checking,5778.68,2016-04-01,0
A00910,C0480,Checking,8912.88,2024-07-01,0
A00911,C0481,Checking,1277.9,2012-01-01,0
A00912,C0481,Personal Loan,8978.75,2012-07-01,0
A00913,C0481,Savings,5142.22,2011-06-01,0
A00914,C0482,Mortgage,133048.31,2017-05-01,0
A00915,C0482,Credit Card,2892.47,2016-05-01,1
A00916,C0483,Mortgage,277079.83,2025-08-01,0
A00917,C0483,Credit Card,6799.06,2024-08-01,1
A00918,C0484,Mortgage,266263.35,2018-08-01,0
A00919,C0485,Checking,9087.91,2016-08-01,0
A00920,C0486,Investment Account,242.22,2021-03-01,0
A00921,C0487,Savings,26867.15,2013-09-01,0
A00922,C0488,Mortgage,271178.59,2018-11-01,0
A00923,C0488,Savings,27922.48,2017-03-01,0
A00924,C0489,Mortgage,221114.36,2025-08-01,0
A00925,C0489,Savings,3911.12,2025-05-01,0
A00926,C0489,Credit Card,0,2023-05-01,1
A00927,C0490,Credit Card,4746.69,2023-12-01,1
A00928,C0490,Investment Account,66360.38,2023-08-01,0
A00929,C0491,Mortgage,123866.1,2017-01-01,0
A00930,C0492,Savings,33597.67,2025-04-01,0
A00931,C0492,Personal Loan,18267.14,2025-06-01,0
A00932,C0492,Credit Card,7497.36,2025-06-01,1
A00933,C0492,Checking,3210.15,2025-09-01,0
A00934,C0493,Savings,29774.61,2016-08-01,0
A00935,C0493,Mortgage,207098.91,2014-03-01,0
A00936,C0494,Personal Loan,12015.81,2013-10-01,0
A00937,C0495,Checking,3497.0,2014-04-01,0
A00938,C0495,Personal Loan,1000,2014-10-01,0
A00939,C0496,Checking,13658.37,2025-06-01,0
A00940,C0496,Investment Account,54490.2,2024-05-01,0
A00941,C0497,Savings,27170.56,2013-07-01,0
A00942,C0498,Savings,17196.21,2014-04-01,0
A00943,C0498,Mortgage,110454.89,2013-10-01,0
A00944,C0498,Credit Card,2060.81,2014-11-01,1
A00945,C0499,Credit Card,2629.0,2023-12-01,1
A00946,C0500,Credit Card,1769.13,2013-12-01,1
A00947,C0500,Investment Account,59323.76,2013-04-01,0
A00948,C0501,Investment Account,32305.41,2018-10-01,0
A00949,C0501,Credit Card,3191.06,2017-11-01,1
A00950,C0502,Personal Loan,13269.15,2015-09-01,0
A00951,C0502,Investment Account,129268.93,2016-01-01,0
A00952,C0503,Checking,15207.99,2015-09-01,0
A00953,C0503,Mortgage,87035.06,2016-02-01,0
A00954,C0504,Mortgage,189922.56,2019-02-01,0
A00955,C0504,Checking,0,2017-10-01,0
A00956,C0505,Mortgage,158382.26,2019-07-01,0
A00957,C0505,Savings,30323.16,2019-03-01,0
A00958,C0505,Checking,2381.65,2019-06-01,0
A00959,C0506,Credit Card,0,2023-07-01,1
A00960,C0507,Personal Loan,18970.58,2022-10-01,0
A00961,C0507,Mortgage,191909.25,2022-06-01,0
A00962,C0507,Credit Card,2718.13,2023-03-01,1
A00963,C0508,Savings,0,2025-08-01,0
A00964,C0509,Mortgage,120192.45,2014-12-01,0
A00965,C0510,Savings,19017.69,2022-10-01,0
A00966,C0510,Investment Account,57912.66,2020-03-01,0
A00967,C0511,Checking,17968.52,2024-04-01,0
A00968,C0511,Credit Card,0,2022-05-01,1
A00969,C0512,Credit Card,3871.55,2016-01-01,1
A00970,C0513,Personal Loan,32872.25,2018-07-01,0
A00971,C0514,Investment Account,57494.08,2016-08-01,0
A00972,C0515,Savings,12233.16,2011-10-01,0
A00973,C0515,Investment Account,50221.65,2010-09-01,0
A00974,C0516,Investment Account,32828.58,2022-04-01,0
A00975,C0516,Mortgage,248229.46,2024-06-01,0
A00976,C0516,Checking,13271.59,2024-06-01,0
A00977,C0517,Checking,10244.18,2015-09-01,0
A00978,C0518,Personal Loan,7810.55,2016-01-01,0
A00979,C0519,Checking,5195.58,2013-07-01,0
A00980,C0519,Credit Card,5054.7,2015-05-01,1
A00981,C0520,Investment Account,82166.99,2016-08-01,0
A00982,C0521,Credit Card,5235.41,2016-11-01,1
A00983,C0522,Checking,8860.99,2025-03-01,0
A00984,C0522,Savings,24205.62,2024-12-01,0
A00985,C0522,Mortgage,164226.87,2025-04-01,0
A00986,C0523,Credit Card,3348.89,2018-07-01,1
A00987,C0523,Mortgage,267434.08,2018-12-01,0
A00988,C0523,Personal Loan,31586.86,2020-03-01,0
A00989,C0524,Checking,12482.2,2017-11-01,0
A00990,C0524,Savings,24277.39,2017-05-01,0
A00991,C0525,Checking,2332.22,2025-12-01,0
A00992,C0525,Investment Account,99798.34,2025-07-01,0
A00993,C0526,Mortgage,177141.38,2011-01-01,0
A00994,C0527,Personal Loan,10192.98,2025-02-01,0
A00995,C0528,Personal Loan,24065.88,2015-05-01,0
A00996,C0528,Investment Account,2243.97,2016-08-01,0
A00997,C0528,Mortgage,231657.61,2016-11-01,0
A00998,C0528,Checking,5771.91,2017-06-01,0
A00999,C0529,Checking,12308.55,2014-04-01,0
A01000,C0529,Personal Loan,5910.95,2016-03-01,0
A01001,C0529,Mortgage,199202.32,2016-02-01,0
A01002,C0529,Credit Card,1740.15,2016-02-01,1
A01003,C0530,Mortgage,227396.0,2024-12-01,0
A01004,C0531,Credit Card,4431.37,2021-10-01,1
A01005,C0531,Personal Loan,4585.44,2020-03-01,0
A01006,C0532,Credit Card,2741.45,2025-03-01,1
A01007,C0533,Checking,1289.21,2023-01-01,0
A01008,C0533,Personal Loan,4516.24,2023-11-01,0
A01009,C0534,Savings,30352.04,2024-08-01,0
A01010,C0535,Credit Card,5301.84,2019-10-01,1
A01011,C0535,Savings,0,2018-10-01,0
A01012,C0536,Personal Loan,29019.3,2024-12-01,0
A01013,C0537,Credit Card,117.76,2021-06-01,1
A01014,C0538,Personal Loan,29420.59,2016-02-01,0
A01015,C0538,Mortgage,151170.84,2016-05-01,0
A01016,C0538,Investment Account,21097.89,2014-06-01,0
A01017,C0539,Checking,11521.89,2012-02-01,0
A01018,C0539,Mortgage,223361.17,2011-09-01,0
A01019,C0540,Credit Card,2148.77,2014-09-01,1
A01020,C0541,Mortgage,260188.32,2021-03-01,0
A01021,C0542,Savings,20249.6,2015-03-01,0
A01022,C0542,Checking,2922.07,2015-09-01,0
A01023,C0542,Investment Account,0,2014-09-01,0
A01024,C0543,Mortgage,163904.02,2011-06-01,0
A01025,C0544,Investment Account,17334.87,2025-03-01,0
A01026,C0545,Mortgage,107229.86,2012-05-01,0
A01027,C0545,Personal Loan,35112.25,2013-05-01,0
A01028,C0546,Mortgage,244842.7,2025-08-01,0
A01029,C0546,Personal Loan,9413.87,2025-01-01,0
A01030,C0547,Investment Account,88156.66,2024-11-01,0
A01031,C0548,Investment Account,0,2021-07-01,0
A01032,C0549,Personal Loan,1794.59,2012-04-01,0
A01033,C0550,Savings,12860.55,2025-02-01,0
A01034,C0550,Personal Loan,18317.61,2025-05-01,0
A01035,C0551,Personal Loan,24369.21,2024-03-01,0
A01036,C0552,Savings,42679.64,2025-05-01,0
A01037,C0553,Checking,7453.3,2022-10-01,0
A01038,C0553,Mortgage,217354.6,2021-04-01,0
A01039,C0554,Credit Card,0,2022-02-01,1
A01040,C0554,Checking,6389.18,2024-06-01,0
A01041,C0555,Checking,13605.31,2014-03-01,0
A01042,C0555,Personal Loan,20838.81,2014-12-01,0
A01043,C0555,Credit Card,5348.09,2013-04-01,1
A01044,C0556,Checking,3312.21,2023-06-01,0
A01045,C0556,Mortgage,192988.21,2022-12-01,0
A01046,C0557,Investment Account,103345.45,2022-05-01,0
A01047,C0557,Checking,15587.99,2021-07-01,0
A01048,C0557,Credit Card,943.9,2022-05-01,1
A01049,C0557,Personal Loan,18313.46,2020-12-01,0
A01050,C0558,Savings,21204.73,2022-10-01,0
A01051,C0558,Mortgage,131080.19,2024-08-01,0
A01052,C0558,Personal Loan,17541.95,2024-10-01,0
A01053,C0559,Mortgage,104556.63,2016-02-01,0
A01054,C0559,Personal Loan,8627.83,2016-02-01,0
A01055,C0559,Checking,16042.91,2015-10-01,0
A01056,C0560,Personal Loan,24148.29,2018-12-01,0
A01057,C0560,Investment Account,86947.41,2017-08-01,0
A01058,C0561,Mortgage,211830.81,2025-11-01,0
A01059,C0561,Checking,8275.03,2024-04-01,0
A01060,C0562,Checking,2124.32,2019-05-01,0
A01061,C0562,Credit Card,7625.34,2021-08-01,1
A01062,C0563,Credit Card,791.34,2025-04-01,1
A01063,C0563,Investment Account,36256.09,2025-08-01,0
A01064,C0563,Mortgage,314411.79,2025-11-01,0
A01065,C0564,Savings,29800.14,2025-11-01,0
A01066,C0565,Personal Loan,28287.26,2017-03-01,0
A01067,C0566,Credit Card,2228.71,2020-02-01,1
A01068,C0566,Investment Account,68426.15,2020-07-01,0
A01069,C0566,Savings,13870.5,2018-07-01,0
A01070,C0567,Investment Account,77465.47,2020-06-01,0
A01071,C0568,Credit Card,3412.36,2014-01-01,1
A01072,C0569,Mortgage,50000,2023-09-01,0
A01073,C0570,Mortgage,230564.81,2011-04-01,0
A01074,C0570,Investment Account,82446.48,2011-02-01,0
A01075,C0571,Investment Account,55086.48,2025-09-01,0
A01076,C0571,Personal Loan,11403.93,2025-07-01,0
A01077,C0572,Personal Loan,30909.02,2022-10-01,0
A01078,C0573,Checking,17591.34,2016-08-01,0
A01079,C0573,Credit Card,4168.38,2016-11-01,1
A01080,C0574,Checking,4498.14,2011-04-01,0
A01081,C0574,Personal Loan,21100.21,2011-03-01,0
A01082,C0574,Savings,8297.96,2011-05-01,0
A01083,C0574,Credit Card,3222.78,2013-08-01,1
A01084,C0575,Personal Loan,16637.94,2022-03-01,0
A01085,C0575,Mortgage,242080.0,2023-10-01,0
A01086,C0575,Savings,2613.01,2022-12-01,0
A01087,C0576,Credit Card,3921.48,2019-06-01,1
A01088,C0577,Savings,8706.14,2014-12-01,0
A01089,C0577,Credit Card,6884.72,2016-04-01,1
A01090,C0577,Mortgage,296234.2,2016-10-01,0
A01091,C0578,Mortgage,160977.58,2017-10-01,0
A01092,C0579,Credit Card,0,2014-12-01,1
A01093,C0580,Savings,17890.88,2022-10-01,0
A01094,C0580,Personal Loan,30118.01,2022-08-01,0
A01095,C0581,Checking,14982.45,2015-01-01,0
A01096,C0581,Savings,24719.81,2014-08-01,0
A01097,C0582,Savings,48287.21,2021-05-01,0
A01098,C0582,Checking,12318.84,2021-01-01,0
A01099,C0582,Credit Card,2462.69,2021-03-01,1
A01100,C0583,Personal Loan,5947.17,2012-04-01,0
A01101,C0583,Credit Card,0,2012-03-01,1
A01102,C0583,Mortgage,119879.62,2013-11-01,0
A01103,C0584,Checking,18003.59,2023-02-01,0
A01104,C0584,Mortgage,226065.68,2021-10-01,0
A01105,C0585,Personal Loan,13402.38,2017-10-01,0
A01106,C0586,Savings,0,2021-08-01,0
A01107,C0586,Investment Account,41400.03,2019-07-01,0
A01108,C0586,Checking,3160.65,2021-12-01,0
A01109,C0587,Personal Loan,17918.45,2025-06-01,0
A01110,C0587,Investment Account,29379.14,2025-12-01,0
A01111,C0587,Mortgage,133229.7,2025-03-01,0
A01112,C0587,Checking,10437.44,2025-07-01,0
A01113,C0588,Credit Card,7148.44,2013-08-01,1
A01114,C0589,Mortgage,175428.84,2019-01-01,0
A01115,C0589,Credit Card,4171.5,2018-02-01,1
A01116,C0589,Checking,8263.68,2017-01-01,0
A01117,C0590,Mortgage,171694.81,2019-10-01,0
A01118,C0590,Checking,9441.34,2018-02-01,0
A01119,C0590,Investment Account,63643.0,2019-08-01,0
A01120,C0590,Savings,18804.4,2017-09-01,0
A01121,C0591,Credit Card,6681.5,2019-10-01,1
A01122,C0592,Savings,37617.73,2017-03-01,0
A01123,C0592,Personal Loan,1000,2016-01-01,0
A01124,C0593,Mortgage,178664.28,2023-05-01,0
A01125,C0593,Checking,15588.43,2024-09-01,0
A01126,C0594,Checking,14199.03,2014-04-01,0
A01127,C0595,Credit Card,6379.42,2012-08-01,1
A01128,C0595,Personal Loan,10627.82,2011-11-01,0
A01129,C0596,Credit Card,1823.22,2014-04-01,1
A01130,C0596,Savings,31951.46,2014-01-01,0
A01131,C0597,Personal Loan,22883.22,2024-11-01,0
A01132,C0597,Mortgage,237834.76,2023-09-01,0
A01133,C0598,Mortgage,189682.56,2020-06-01,0
A01134,C0598,Personal Loan,3525.5,2019-08-01,0
A01135,C0599,Credit Card,2133.98,2011-08-01,1
A01136,C0599,Personal Loan,16314.87,2011-06-01,0
A01137,C0599,Mortgage,89649.81,2012-08-01,0
A01138,C0600,Investment Account,29550.84,2015-05-01,0
A01139,C0600,Checking,16256.94,2017-09-01,0
A01140,C0600,Mortgage,106910.59,2015-11-01,0
A01141,C0600,Personal Loan,14023.43,2015-01-01,0
A01142,C0601,Credit Card,4008.55,2017-12-01,1
A01143,C0601,Mortgage,50000,2018-06-01,0
A01144,C0601,Checking,7886.13,2018-12-01,0
A01145,C0601,Investment Account,65028.72,2017-03-01,0
A01146,C0602,Investment Account,50780.79,2016-04-01,0
A01147,C0602,Credit Card,0,2016-01-01,1
A01148,C0602,Checking,8731.75,2014-07-01,0
A01149,C0603,Investment Account,63503.38,2023-11-01,0
A01150,C0604,Credit Card,4748.4,2023-06-01,1
A01151,C0604,Savings,37858.98,2023-03-01,0
A01152,C0604,Personal Loan,10984.56,2025-04-01,0
A01153,C0605,Credit Card,1333.63,2025-05-01,1
A01154,C0605,Personal Loan,3594.36,2023-11-01,0
A01155,C0606,Credit Card,2135.91,2023-07-01,1
A01156,C0606,Personal Loan,7281.35,2023-04-01,0
A01157,C0607,Personal Loan,9379.58,2024-08-01,0
A01158,C0607,Credit Card,1194.48,2022-11-01,1
A01159,C0607,Checking,7648.55,2022-02-01,0
A01160,C0608,Personal Loan,12158.8,2011-03-01,0
A01161,C0609,Savings,49404.65,2017-07-01,0
A01162,C0609,Credit Card,1970.71,2016-09-01,1
A01163,C0610,Mortgage,175839.85,2020-04-01,0
A01164,C0611,Mortgage,311560.73,2013-01-01,0
A01165,C0611,Personal Loan,11223.07,2011-01-01,0
A01166,C0611,Savings,23678.89,2012-03-01,0
A01167,C0611,Checking,16484.37,2011-04-01,0
A01168,C0612,Investment Account,68140.86,2018-10-01,0
A01169,C0612,Savings,25182.25,2019-04-01,0
A01170,C0613,Checking,0,2020-06-01,0
A01171,C0613,Mortgage,221188.57,2020-06-01,0
A01172,C0613,Investment Account,27387.05,2021-04-01,0
A01173,C0614,Personal Loan,23970.29,2015-03-01,0
A01174,C0614,Savings,14993.46,2017-04-01,0
A01175,C0615,Checking,10071.48,2024-10-01,0
A01176,C0616,Mortgage,164430.87,2011-09-01,0
A01177,C0616,Savings,27995.73,2013-02-01,0
A01178,C0617,Mortgage,179279.94,2016-12-01,0
A01179,C0617,Checking,15223.58,2015-01-01,0
A01180,C0618,Checking,20714.74,2025-04-01,0
A01181,C0619,Checking,0,2025-02-01,0
A01182,C0620,Investment Account,23885.65,2015-11-01,0
A01183,C0620,Checking,11560.46,2017-11-01,0
A01184,C0620,Mortgage,108736.22,2016-05-01,0
A01185,C0621,Personal Loan,19981.01,2019-10-01,0
A01186,C0621,Investment Account,33185.73,2019-06-01,0
A01187,C0622,Investment Account,0,2011-03-01,0
A01188,C0622,Personal Loan,19668.17,2012-11-01,0
A01189,C0622,Mortgage,162034.01,2012-05-01,0
A01190,C0622,Checking,0,2011-06-01,0
A01191,C0623,Personal Loan,20487.35,2020-09-01,0
A01192,C0623,Credit Card,5643.61,2018-07-01,1
A01193,C0624,Savings,39580.7,2018-08-01,0
A01194,C0625,Personal Loan,12012.69,2013-06-01,0
A01195,C0625,Investment Account,31087.68,2014-09-01,0
A01196,C0626,Savings,38128.57,2014-04-01,0
A01197,C0627,Investment Account,23115.25,2019-06-01,0
A01198,C0627,Mortgage,248318.69,2020-05-01,0
A01199,C0628,Savings,0,2013-05-01,0
A01200,C0629,Mortgage,202448.62,2020-04-01,0
A01201,C0629,Personal Loan,6202.38,2022-07-01,0
A01202,C0629,Checking,19239.55,2022-07-01,0
A01203,C0630,Personal Loan,20379.61,2018-11-01,0
A01204,C0631,Investment Account,48044.02,2021-10-01,0
A01205,C0632,Investment Account,60291.96,2015-12-01,0
A01206,C0632,Personal Loan,20663.66,2015-08-01,0
A01207,C0632,Savings,5085.01,2017-09-01,0
A01208,C0633,Checking,21261.33,2022-02-01,0
A01209,C0633,Investment Account,111842.41,2022-06-01,0
A01210,C0634,Credit Card,4046.58,2020-03-01,1
A01211,C0634,Investment Account,69828.67,2018-06-01,0
A01212,C0634,Savings,17970.49,2020-06-01,0
A01213,C0635,Personal Loan,12375.72,2012-02-01,0
A01214,C0635,Investment Account,60808.18,2013-03-01,0
A01215,C0636,Savings,51074.29,2014-03-01,0
A01216,C0636,Investment Account,89618.87,2015-09-01,0
A01217,C0636,Personal Loan,6429.01,2014-12-01,0
A01218,C0637,Savings,1801.56,2021-02-01,0
A01219,C0637,Checking,8615.44,2021-08-01,0
A01220,C0637,Investment Account,28814.83,2021-08-01,0
A01221,C0638,Checking,0,2023-08-01,0
A01222,C0639,Savings,0,2020-08-01,0
A01223,C0639,Personal Loan,24770.75,2021-02-01,0
A01224,C0640,Checking,5944.87,2019-05-01,0
A01225,C0640,Savings,4313.45,2017-11-01,0
A01226,C0640,Mortgage,50000,2017-11-01,0
A01227,C0641,Investment Account,59003.1,2025-10-01,0
A01228,C0642,Personal Loan,1444.58,2012-05-01,0
A01229,C0642,Checking,10233.6,2013-01-01,0
A01230,C0642,Investment Account,67732.97,2012-06-01,0
A01231,C0642,Mortgage,205344.71,2011-12-01,0
A01232,C0643,Personal Loan,13541.42,2013-01-01,0
A01233,C0644,Investment Account,33152.54,2016-01-01,0
A01234,C0645,Mortgage,192985.34,2022-12-01,0
A01235,C0646,Credit Card,4181.91,2025-01-01,1
A01236,C0646,Personal Loan,23568.73,2025-11-01,0
A01237,C0647,Credit Card,4999.09,2013-07-01,1
A01238,C0648,Savings,0,2025-05-01,0
A01239,C0648,Credit Card,130.33,2024-02-01,1
A01240,C0649,Investment Account,33766.56,2015-02-01,0
A01241,C0649,Checking,11614.39,2013-04-01,0
A01242,C0649,Credit Card,3411.58,2013-03-01,1
A01243,C0650,Savings,31935.03,2016-01-01,0
A01244,C0650,Mortgage,61456.42,2018-01-01,0
A01245,C0651,Mortgage,243452.39,2017-11-01,0
A01246,C0651,Checking,15497.82,2017-11-01,0
A01247,C0652,Checking,11576.91,2022-02-01,0
A01248,C0653,Investment Account,50666.48,2015-01-01,0
A01249,C0654,Savings,18332.32,2025-09-01,0
A01250,C0654,Checking,2692.26,2023-08-01,0
A01251,C0655,Investment Account,0,2024-01-01,0
A01252,C0655,Personal Loan,17494.38,2023-03-01,0
A01253,C0655,Savings,14678.91,2022-05-01,0
A01254,C0656,Mortgage,183545.23,2025-04-01,0
A01255,C0657,Checking,10535.81,2015-03-01,0
A01256,C0657,Savings,36627.01,2016-11-01,0
A01257,C0658,Credit Card,906.56,2012-05-01,1
A01258,C0658,Mortgage,182429.99,2012-12-01,0
A01259,C0658,Personal Loan,15054.89,2013-05-01,0
A01260,C0659,Savings,24127.36,2018-01-01,0
A01261,C0660,Investment Account,91779.54,2012-02-01,0
A01262,C0661,Investment Account,63658.82,2023-12-01,0
A01263,C0661,Personal Loan,11800.46,2024-12-01,0
A01264,C0662,Investment Account,21633.4,2022-05-01,0
A01265,C0662,Checking,7747.36,2021-12-01,0
A01266,C0663,Credit Card,770.54,2024-06-01,1
A01267,C0663,Personal Loan,2321.77,2023-10-01,0
A01268,C0663,Investment Account,30889.85,2023-01-01,0
A01269,C0664,Personal Loan,20163.58,2015-08-01,0
A01270,C0664,Investment Account,26810.73,2015-08-01,0
A01271,C0665,Investment Account,45108.55,2012-03-01,0
A01272,C0666,Personal Loan,6655.22,2016-01-01,0
A01273,C0666,Savings,0,2015-03-01,0
A01274,C0666,Investment Account,67169.49,2017-03-01,0
A01275,C0667,Checking,5847.64,2025-04-01,0
A01276,C0668,Credit Card,4207.16,2022-05-01,1
A01277,C0669,Personal Loan,7633.18,2020-03-01,0
A01278,C0670,Investment Account,23059.45,2021-02-01,0
A01279,C0670,Checking,13340.79,2021-10-01,0
A01280,C0671,Savings,28491.97,2017-08-01,0
A01281,C0672,Personal Loan,25891.5,2025-11-01,0
A01282,C0672,Investment Account,33648.95,2025-11-01,0
A01283,C0672,Checking,2430.83,2025-03-01,0
A01284,C0673,Credit Card,590.76,2013-10-01,1
A01285,C0673,Savings,28388.37,2013-06-01,0
A01286,C0674,Credit Card,3013.22,2012-04-01,1
A01287,C0675,Credit Card,0,2019-12-01,1
A01288,C0675,Personal Loan,11444.39,2018-03-01,0
A01289,C0675,Investment Account,96104.42,2020-04-01,0
A01290,C0676,Mortgage,156841.19,2015-08-01,0
A01291,C0676,Savings,0,2016-09-01,0
A01292,C0677,Personal Loan,8482.34,2013-09-01,0
A01293,C0677,Savings,0,2015-05-01,0
A01294,C0677,Credit Card,3416.41,2013-08-01,1
A01295,C0678,Savings,17941.89,2025-08-01,0
A01296,C0678,Credit Card,613.06,2025-04-01,1
A01297,C0679,Credit Card,4656.25,2019-05-01,1
A01298,C0679,Investment Account,14300.13,2020-08-01,0
A01299,C0680,Mortgage,135406.94,2011-12-01,0
A01300,C0680,Savings,12757.85,2011-09-01,0
A01301,C0680,Investment Account,52384.9,2012-07-01,0
A01302,C0680,Credit Card,1025.27,2013-01-01,1
A01303,C0681,Savings,24515.74,2016-11-01,0
A01304,C0682,Checking,9568.0,2012-08-01,0
A01305,C0682,Credit Card,693.7,2014-08-01,1
A01306,C0682,Personal Loan,7758.63,2013-02-01,0
A01307,C0683,Personal Loan,9863.9,2018-03-01,0
A01308,C0683,Credit Card,1777.49,2017-01-01,1
A01309,C0683,Savings,47775.54,2018-08-01,0
A01310,C0683,Mortgage,290943.58,2017-03-01,0
A01311,C0684,Investment Account,40180.86,2013-11-01,0
A01312,C0685,Savings,24890.43,2019-10-01,0
A01313,C0686,Checking,1372.39,2024-01-01,0
A01314,C0686,Credit Card,1745.28,2024-12-01,1
A01315,C0686,Mortgage,165109.77,2022-03-01,0
A01316,C0687,Mortgage,99397.69,2016-12-01,0
A01317,C0688,Credit Card,5705.55,2025-06-01,1
A01318,C0689,Personal Loan,13742.23,2021-07-01,0
A01319,C0689,Investment Account,26064.3,2019-09-01,0
A01320,C0689,Checking,3814.12,2019-04-01,0
A01321,C0690,Checking,8789.69,2014-09-01,0
A01322,C0690,Credit Card,4145.46,2012-01-01,1
A01323,C0691,Investment Account,36271.76,2021-03-01,0
A01324,C0691,Savings,22705.31,2021-09-01,0
A01325,C0692,Personal Loan,15446.38,2015-09-01,0
A01326,C0693,Personal Loan,3091.53,2017-02-01,0
A01327,C0693,Checking,16255.32,2015-04-01,0
A01328,C0693,Investment Account,54989.91,2017-08-01,0
A01329,C0694,Investment Account,99194.15,2025-03-01,0
A01330,C0695,Savings,40043.39,2019-11-01,0
A01331,C0695,Mortgage,182799.08,2021-06-01,0
A01332,C0696,Savings,7375.76,2015-05-01,0
A01333,C0696,Investment Account,31482.13,2014-07-01,0
A01334,C0697,Credit Card,5349.18,2016-01-01,1
A01335,C0698,Investment Account,47546.14,2011-01-01,0
A01336,C0698,Mortgage,134655.38,2012-02-01,0
A01337,C0699,Savings,23799.49,2015-12-01,0
A01338,C0699,Investment Account,0,2016-04-01,0
A01339,C0700,Credit Card,1988.44,2019-04-01,1
A01340,C0700,Personal Loan,10369.62,2020-01-01,0
A01341,C0700,Checking,6959.8,2018-06-01,0
A01342,C0701,Investment Account,64485.66,2014-12-01,0
A01343,C0702,Personal Loan,11142.36,2025-08-01,0
A01344,C0703,Credit Card,2195.34,2012-10-01,1
A01345,C0703,Savings,22327.3,2012-10-01,0
A01346,C0704,Checking,8587.14,2018-01-01,0
A01347,C0705,Mortgage,217920.31,2013-04-01,0
A01348,C0706,Investment Account,41725.37,2025-05-01,0
A01349,C0706,Credit Card,2682.38,2025-02-01,1
A01350,C0707,Credit Card,3495.3,2013-04-01,1
A01351,C0708,Investment Account,43363.08,2020-08-01,0
A01352,C0709,Checking,0,2012-12-01,0
A01353,C0710,Mortgage,164678.23,2024-12-01,0
A01354,C0711,Checking,3991.57,2014-02-01,0
A01355,C0711,Savings,7983.96,2014-08-01,0
A01356,C0712,Personal Loan,19674.75,2014-01-01,0
A01357,C0712,Investment Account,37023.74,2014-05-01,0
A01358,C0713,Investment Account,40824.11,2014-05-01,0
A01359,C0713,Personal Loan,21299.13,2014-04-01,0
A01360,C0714,Checking,9230.41,2017-07-01,0
A01361,C0714,Investment Account,1426.17,2015-12-01,0
A01362,C0715,Checking,5116.27,2014-10-01,0
A01363,C0715,Credit Card,0,2016-03-01,1
A01364,C0715,Mortgage,287968.37,2015-11-01,0
A01365,C0716,Investment Account,26585.16,2013-03-01,0
A01366,C0716,Mortgage,281709.63,2014-07-01,0
A01367,C0716,Savings,0,2013-03-01,0
A01368,C0717,Personal Loan,31500.63,2012-07-01,0
A01369,C0717,Mortgage,234062.83,2011-06-01,0
A01370,C0717,Investment Account,56848.17,2012-11-01,0
A01371,C0718,Mortgage,237940.6,2016-03-01,0
A01372,C0718,Savings,11454.01,2016-06-01,0
A01373,C0719,Investment Account,68244.48,2013-12-01,0
A01374,C0719,Savings,3079.87,2014-02-01,0
A01375,C0720,Checking,705.2,2025-09-01,0
A01376,C0720,Mortgage,172959.18,2025-03-01,0
A01377,C0720,Investment Account,42058.22,2025-08-01,0
A01378,C0721,Investment Account,0,2019-09-01,0
A01379,C0722,Mortgage,139418.23,2014-04-01,0
A01380,C0722,Personal Loan,21592.72,2016-11-01,0
A01381,C0722,Savings,0,2014-12-01,0
A01382,C0722,Credit Card,4724.36,2014-09-01,1
A01383,C0723,Personal Loan,12678.69,2014-05-01,0
A01384,C0723,Savings,7510.57,2013-09-01,0
A01385,C0723,Checking,0,2013-01-01,0
A01386,C0724,Credit Card,0,2016-04-01,1
A01387,C0725,Checking,14511.31,2015-07-01,0
A01388,C0726,Investment Account,58462.48,2019-05-01,0
A01389,C0726,Personal Loan,10714.98,2018-07-01,0
A01390,C0726,Checking,13347.92,2019-10-01,0
A01391,C0726,Credit Card,6679.28,2019-01-01,1
A01392,C0727,Personal Loan,9498.8,2019-01-01,0
A01393,C0727,Credit Card,3084.78,2019-09-01,1
A01394,C0728,Personal Loan,24056.92,2025-08-01,0
A01395,C0728,Mortgage,258288.53,2024-02-01,0
A01396,C0728,Credit Card,3107.79,2024-05-01,1
A01397,C0729,Checking,6968.96,2012-08-01,0
A01398,C0729,Savings,0,2013-12-01,0
A01399,C0730,Personal Loan,21729.48,2021-08-01,0
A01400,C0731,Personal Loan,16475.04,2013-01-01,0
A01401,C0732,Investment Account,74894.8,2016-03-01,0
A01402,C0732,Checking,5936.64,2015-05-01,0
A01403,C0733,Mortgage,184244.49,2018-08-01,0
A01404,C0733,Checking,11501.64,2016-08-01,0
A01405,C0734,Credit Card,822.68,2015-03-01,1
A01406,C0735,Checking,4743.74,2020-01-01,0
A01407,C0735,Savings,0,2022-03-01,0
A01408,C0735,Personal Loan,23595.81,2021-01-01,0
A01409,C0735,Mortgage,167794.57,2022-10-01,0
A01410,C0736,Savings,34116.17,2021-03-01,0
A01411,C0736,Personal Loan,23424.77,2023-10-01,0
A01412,C0736,Checking,16060.66,2021-08-01,0
A01413,C0737,Investment Account,81310.55,2020-06-01,0
A01414,C0737,Personal Loan,16256.47,2020-09-01,0
A01415,C0738,Personal Loan,23376.27,2014-07-01,0
A01416,C0739,Investment Account,51718.61,2025-08-01,0
A01417,C0740,Savings,29754.37,2023-03-01,0
A01418,C0740,Investment Account,57291.8,2023-04-01,0
A01419,C0741,Mortgage,104991.06,2022-03-01,0
A01420,C0741,Credit Card,2074.13,2022-07-01,1
A01421,C0742,Checking,8877.14,2018-12-01,0
A01422,C0743,Checking,11867.22,2021-09-01,0
A01423,C0743,Credit Card,3524.64,2023-05-01,1
A01424,C0744,Savings,13446.3,2020-04-01,0
A01425,C0745,Savings,9620.69,2011-07-01,0
A01426,C0745,Investment Account,47833.9,2013-11-01,0
A01427,C0745,Personal Loan,3952.72,2011-03-01,0
A01428,C0746,Mortgage,78755.77,2017-08-01,0
A01429,C0746,Savings,0,2019-03-01,0
A01430,C0747,Personal Loan,13013.13,2023-06-01,0
A01431,C0748,Personal Loan,24581.57,2024-04-01,0
A01432,C0748,Checking,911.64,2025-12-01,0
A01433,C0748,Investment Account,72086.28,2025-04-01,0
A01434,C0748,Mortgage,153539.82,2025-03-01,0
A01435,C0749,Mortgage,108506.49,2015-04-01,0
A01436,C0749,Personal Loan,4337.81,2017-09-01,0
A01437,C0750,Personal Loan,8267.8,2023-02-01,0
A01438,C0751,Savings,11020.63,2014-05-01,0
A01439,C0751,Checking,3246.37,2014-05-01,0
A01440,C0752,Credit Card,5144.84,2018-12-01,1
A01441,C0752,Personal Loan,6327.32,2019-10-01,0
A01442,C0752,Mortgage,133715.4,2019-11-01,0
A01443,C0753,Savings,39558.6,2021-09-01,0
A01444,C0753,Personal Loan,20020.66,2022-10-01,0
A01445,C0753,Credit Card,1754.13,2021-05-01,1
A01446,C0754,Savings,11930.18,2016-10-01,0
A01447,C0754,Credit Card,5905.51,2016-06-01,1
A01448,C0754,Mortgage,372379.04,2018-11-01,0
A01449,C0755,Credit Card,0,2023-03-01,1
A01450,C0755,Mortgage,235662.14,2023-05-01,0
A01451,C0756,Investment Account,20807.1,2023-04-01,0
A01452,C0757,Mortgage,256735.23,2014-12-01,0
A01453,C0757,Investment Account,40755.73,2014-04-01,0
A01454,C0757,Savings,7276.43,2016-11-01,0
A01455,C0758,Investment Account,23851.3,2013-05-01,0
A01456,C0758,Personal Loan,20639.75,2013-08-01,0
A01457,C0759,Savings,11200.54,2025-09-01,0
A01458,C0759,Credit Card,1880.21,2025-01-01,1
A01459,C0760,Credit Card,5972.02,2019-10-01,1
A01460,C0761,Personal Loan,11138.85,2021-07-01,0
A01461,C0761,Savings,7530.6,2021-08-01,0
A01462,C0761,Credit Card,859.4,2022-07-01,1
A01463,C0762,Savings,29150.37,2018-01-01,0
A01464,C0763,Credit Card,5606.94,2012-02-01,1
A01465,C0763,Checking,16664.61,2012-01-01,0
A01466,C0763,Investment Account,24440.65,2014-10-01,0
A01467,C0764,Mortgage,173346.03,2023-04-01,0
A01468,C0765,Credit Card,952.09,2017-06-01,1
A01469,C0766,Mortgage,163487.59,2022-04-01,0
A01470,C0766,Investment Account,64310.37,2023-10-01,0
A01471,C0767,Savings,46843.97,2025-08-01,0
A01472,C0768,Personal Loan,22122.48,2022-04-01,0
A01473,C0769,Savings,34664.92,2024-04-01,0
A01474,C0770,Personal Loan,11795.24,2013-07-01,0
A01475,C0770,Mortgage,133570.82,2011-07-01,0
A01476,C0771,Personal Loan,16929.75,2015-07-01,0
A01477,C0771,Savings,39724.05,2013-09-01,0
A01478,C0772,Savings,0,2025-06-01,0
A01479,C0772,Personal Loan,10884.18,2025-07-01,0
A01480,C0772,Mortgage,264292.4,2025-10-01,0
A01481,C0773,Savings,14966.02,2016-11-01,0
A01482,C0774,Personal Loan,4616.48,2023-06-01,0
A01483,C0774,Savings,13293.22,2025-05-01,0
A01484,C0775,Personal Loan,20102.63,2018-11-01,0
A01485,C0775,Mortgage,236528.51,2020-02-01,0
A01486,C0775,Investment Account,36121.45,2019-12-01,0
A01487,C0776,Personal Loan,13966.03,2024-12-01,0
A01488,C0776,Mortgage,196789.47,2024-07-01,0
A01489,C0776,Credit Card,5017.56,2023-05-01,1
A01490,C0777,Credit Card,4344.84,2024-03-01,1
A01491,C0777,Personal Loan,17046.01,2025-10-01,0
A01492,C0778,Checking,16313.67,2025-06-01,0
A01493,C0779,Savings,55817.95,2019-10-01,0
A01494,C0780,Checking,15651.11,2012-09-01,0
A01495,C0780,Credit Card,5999.71,2013-03-01,1
A01496,C0781,Credit Card,1925.49,2022-05-01,1
A01497,C0781,Savings,25347.47,2021-10-01,0
A01498,C0781,Mortgage,209145.02,2021-10-01,0
A01499,C0782,Investment Account,36952.03,2017-03-01,0
A01500,C0782,Savings,41707.56,2016-01-01,0
A01501,C0783,Savings,29593.05,2014-09-01,0
A01502,C0783,Mortgage,199256.77,2014-08-01,0
A01503,C0783,Checking,3064.37,2014-03-01,0
A01504,C0784,Savings,16309.23,2022-06-01,0
A01505,C0784,Investment Account,76458.04,2024-01-01,0
A01506,C0785,Checking,431.63,2015-03-01,0
A01507,C0785,Personal Loan,19444.6,2015-04-01,0
A01508,C0786,Credit Card,3687.62,2020-04-01,1
A01509,C0786,Mortgage,71655.39,2021-04-01,0
A01510,C0786,Investment Account,58189.11,2019-11-01,0
A01511,C0787,Personal Loan,19325.27,2020-08-01,0
A01512,C0788,Personal Loan,19962.61,2019-12-01,0
A01513,C0788,Mortgage,109662.32,2019-09-01,0
A01514,C0789,Mortgage,236965.3,2015-12-01,0
A01515,C0789,Investment Account,26100.78,2014-03-01,0
A01516,C0790,Checking,11061.89,2012-10-01,0
A01517,C0790,Savings,56556.11,2012-10-01,0
A01518,C0791,Credit Card,3021.42,2014-08-01,1
A01519,C0791,Investment Account,46708.99,2014-11-01,0
A01520,C0791,Checking,9523.49,2013-08-01,0
A01521,C0792,Investment Account,31778.39,2013-08-01,0
A01522,C0792,Savings,28045.51,2014-08-01,0
A01523,C0792,Credit Card,0,2014-04-01,1
A01524,C0793,Personal Loan,22477.48,2019-03-01,0
A01525,C0793,Checking,19334.62,2020-06-01,0
A01526,C0794,Personal Loan,4087.92,2012-11-01,0
A01527,C0795,Credit Card,4731.99,2022-08-01,1
A01528,C0795,Investment Account,10731.56,2022-06-01,0
A01529,C0796,Credit Card,4688.16,2022-03-01,1
A01530,C0797,Mortgage,163729.12,2024-01-01,0
A01531,C0797,Credit Card,0,2025-01-01,1
A01532,C0798,Mortgage,178680.62,2012-10-01,0
A01533,C0798,Personal Loan,11454.77,2013-10-01,0
A01534,C0799,Personal Loan,21794.08,2019-07-01,0
A01535,C0800,Checking,11961.66,2025-06-01,0
A01536,C0800,Mortgage,184631.47,2025-12-01,0
A01537,C0800,Investment Account,349.7,2025-03-01,0
